timestamp,groupname,sensor_01,sensor_02,sensor_03,sensor_04,sensor_05,sensor_06,sensor_07,sensor_08,sensor_09,sensor_10,sensor_11,sensor_12,sensor_13,sensor_14,sensor_16,sensor_17,sensor_18,sensor_19,sensor_20,sensor_21,sensor_22,sensor_23,sensor_24,sensor_25,sensor_26,sensor_27,sensor_28,sensor_29,sensor_30,sensor_31,sensor_32,sensor_33,sensor_34,sensor_35,sensor_36,sensor_37,sensor_38,sensor_39,sensor_40,sensor_41,sensor_42,sensor_43,sensor_44,sensor_45,sensor_46,sensor_47,sensor_48,sensor_49,machine_status
2022-09-01 08:30:00,2-6,44.047447204589844,49.58744812011719,40.059696197509766,629.9764404296875,81.89002990722656,14.249789237976074,16.036527633666992,15.528962135314941,15.052433967590332,44.68126678466797,45.4112663269043,32.36614990234375,7.283806324005127,418.38592529296875,463.4521484375,453.0957336425781,2.5872247219085693,662.1229858398438,397.5171203613281,881.6542358398438,530.9388427734375,1078.33642578125,621.9580078125,750.9774169921875,940.312255859375,492.2557678222656,1082.91552734375,579.0283203125,699.3600463867188,1009.8330688476562,917.42333984375,517.4700927734375,245.55282592773438,555.9424438476562,560.7404174804688,34.51525115966797,52.436580657958984,38.654075622558594,67.33226776123047,35.108055114746094,35.57257080078125,43.52776336669922,41.407554626464844,40.4472770690918,48.255287170410156,44.98545837402344,121.10723876953125,48.081974029541016,0.0
2022-09-01 08:31:00,2-6,44.219459533691406,49.628604888916016,40.55716323852539,630.0238647460938,84.64923095703125,14.236800193786621,16.197343826293945,15.405416488647461,15.33355712890625,46.445743560791016,45.30522537231445,33.38675308227539,7.840309143066406,414.4261474609375,464.3931579589844,452.8654479980469,2.4594459533691406,661.8220825195312,399.1173400878906,880.59619140625,531.330322265625,1080.3863525390625,630.5405883789062,750.9310302734375,946.1099853515625,520.5692138671875,1087.466796875,586.4232177734375,694.3613891601562,970.7340698242188,948.0073852539062,527.9048461914062,247.94088745117188,559.429443359375,600.8762817382812,33.205684661865234,50.20751190185547,37.85182189941406,70.66694641113281,35.792999267578125,35.675514221191406,43.7313346862793,41.84386444091797,40.866798400878906,47.974971771240234,48.287010192871094,124.54910278320312,47.46669006347656,0.0
2022-09-01 08:32:00,2-6,44.4088020324707,49.13913345336914,41.07390213012695,627.987548828125,85.10429382324219,14.2759370803833,16.03461456298828,15.958930969238281,15.150824546813965,46.74563980102539,44.19650650024414,34.10523986816406,7.344794273376465,418.7695007324219,466.6242370605469,458.40093994140625,2.4989142417907715,664.9111328125,398.1794738769531,874.2293701171875,531.9973754882812,1080.3270263671875,623.165771484375,750.4749755859375,939.8435668945312,513.9051513671875,1077.908447265625,587.8209228515625,675.4255981445312,994.2407836914062,941.6688842773438,517.093505859375,272.946044921875,555.06005859375,569.1677856445312,36.310882568359375,51.250099182128906,37.69190979003906,74.98101043701172,36.73455810546875,36.1641731262207,44.35674285888672,40.88639450073242,40.91280746459961,46.745059967041016,45.842979431152344,140.8249053955078,48.66872787475586,0.0
2022-09-01 08:33:00,2-6,43.90625762939453,48.8978271484375,40.783782958984375,629.0112915039062,83.46981811523438,14.345210075378418,16.092004776000977,15.725858688354492,15.062446594238281,46.02637481689453,47.68059539794922,31.585582733154297,8.444628715515137,418.9903869628906,460.35382080078125,454.15679931640625,2.516462564468384,663.1658935546875,399.83856201171875,877.6161499023438,530.2479248046875,1077.3970947265625,626.1643676757812,745.2686767578125,941.1452026367188,522.1057739257812,1043.798583984375,576.2950439453125,671.9485473632812,939.3431396484375,937.7733154296875,519.2411499023438,265.44195556640625,543.4136962890625,596.708251953125,43.903953552246094,51.892723083496094,35.81389617919922,64.50273132324219,35.8288688659668,34.869415283203125,45.735443115234375,41.59864807128906,43.23256301879883,49.25422668457031,46.58385467529297,121.89683532714844,48.439456939697266,0.0
2022-09-01 08:34:00,2-6,44.2004508972168,48.63505554199219,41.368961334228516,634.3347778320312,84.60183715820312,14.301798820495605,16.115402221679688,15.715566635131836,15.048396110534668,47.196800231933594,45.716400146484375,33.053646087646484,7.216257572174072,417.3336181640625,467.6501770019531,458.3524169921875,2.434548854827881,663.9959106445312,398.36346435546875,880.1126098632812,532.984130859375,1078.02490234375,625.3655395507812,748.16845703125,936.773681640625,508.895751953125,1064.7607421875,599.4884033203125,696.3880004882812,1004.3936767578125,912.3932495117188,526.7455444335938,248.74795532226562,542.4166259765625,609.5199584960938,35.02904510498047,48.50444793701172,35.80677032470703,77.47979736328125,35.43423843383789,35.11998748779297,42.97798156738281,40.03289794921875,40.669803619384766,48.57802963256836,45.136539459228516,137.79539489746094,49.29003143310547,0.0
2022-09-01 08:35:00,2-6,44.40427017211914,48.86237335205078,41.17583465576172,633.0779418945312,83.34571838378906,14.151775360107422,16.164257049560547,15.816665649414062,15.059924125671387,46.88823699951172,46.153221130371094,31.865249633789062,6.910986423492432,416.3957824707031,461.6174621582031,453.1839294433594,2.4891648292541504,665.2825317382812,399.46978759765625,877.1419067382812,532.5667114257812,1077.495849609375,626.9681396484375,750.7974853515625,938.846435546875,521.2504272460938,1083.6163330078125,589.8460083007812,674.5648803710938,970.656005859375,975.1633911132812,526.2606811523438,260.7696533203125,551.61767578125,608.2739868164062,37.311161041259766,50.67192077636719,38.38914108276367,72.43131256103516,36.05386734008789,34.78032302856445,44.52862548828125,41.347267150878906,41.88117980957031,50.55364990234375,46.18595504760742,134.20562744140625,47.897491455078125,0.0
2022-09-01 08:36:00,2-6,44.048702239990234,49.20702362060547,40.88856887817383,635.2549438476562,85.01954650878906,14.191604614257812,16.071033477783203,15.682714462280273,14.940995216369629,46.7192497253418,45.32704162597656,31.311220169067383,7.912976264953613,415.83392333984375,464.0429382324219,456.45782470703125,2.4518251419067383,662.9063720703125,397.8179931640625,879.4942016601562,530.4000854492188,1075.8365478515625,627.9644775390625,752.206787109375,947.7645263671875,536.49560546875,1073.48583984375,557.5048828125,683.9696044921875,997.3336181640625,870.3536376953125,525.4702758789062,261.0595703125,557.9583740234375,607.7891845703125,42.755435943603516,50.60716247558594,36.988487243652344,66.29653930664062,35.53052520751953,35.23175048828125,44.36573028564453,40.89938735961914,39.96691131591797,47.09062957763672,44.88036346435547,127.16903686523438,48.42423629760742,0.0
2022-09-01 08:37:00,2-6,44.48152160644531,48.99677276611328,40.87841796875,635.2034912109375,85.13090515136719,14.125540733337402,16.123971939086914,15.787222862243652,15.23694133758545,44.39041519165039,44.55363464355469,31.453052520751953,7.734598636627197,414.14373779296875,463.19256591796875,455.0581970214844,2.501627206802368,663.8609619140625,399.1515808105469,878.5877685546875,531.6660766601562,1075.06396484375,629.0220947265625,747.7549438476562,936.0120849609375,510.0028076171875,1059.6719970703125,584.0040893554688,692.927001953125,949.6028442382812,911.5079345703125,519.0374755859375,256.2721862792969,561.8082275390625,590.1326293945312,36.477970123291016,51.44962692260742,36.63114929199219,71.54751586914062,35.59693908691406,35.134647369384766,45.07380294799805,41.25807189941406,40.709999084472656,49.8282356262207,44.58552551269531,128.13035583496094,48.23896408081055,0.0
2022-09-01 08:38:00,2-6,44.06873321533203,48.06482696533203,40.472068786621094,632.8150024414062,84.19635009765625,14.336057662963867,16.206945419311523,15.580945014953613,15.165247917175293,47.63288116455078,43.951595306396484,31.447542190551758,7.538132190704346,418.23114013671875,465.25970458984375,459.9190979003906,2.5646424293518066,664.9058837890625,398.884765625,879.3236083984375,533.5460205078125,1078.0029296875,627.4299926757812,745.52294921875,944.03076171875,506.4864501953125,1042.5968017578125,569.1199951171875,671.095458984375,969.155029296875,900.2802124023438,523.490966796875,269.0617980957031,549.1549682617188,578.3764038085938,40.80574417114258,49.19373321533203,37.302162170410156,74.7740249633789,36.56541061401367,35.28190994262695,43.19587326049805,42.25537872314453,40.60322189331055,47.9468994140625,45.925235748291016,130.5090789794922,49.571067810058594,0.0
2022-09-01 08:39:00,2-6,44.254608154296875,49.27123260498047,41.00270080566406,630.3958129882812,84.10240173339844,14.223640441894531,16.003206253051758,15.722071647644043,14.999436378479004,46.13465881347656,45.18553924560547,32.73458480834961,7.720372676849365,418.5755310058594,459.30462646484375,458.6783752441406,2.4969024658203125,663.3379516601562,398.51416015625,874.8784790039062,533.1617431640625,1075.6944580078125,627.3867797851562,752.786865234375,942.083984375,522.8072509765625,1061.8665771484375,590.5728149414062,680.5869750976562,948.0182495117188,923.207275390625,525.6410522460938,257.14324951171875,541.4679565429688,570.0872802734375,41.166255950927734,50.37953186035156,38.27405548095703,71.89563751220703,34.38839340209961,35.22576904296875,45.01475524902344,42.14350891113281,40.145748138427734,47.75968551635742,44.313194274902344,120.12791442871094,46.69248962402344,0.0
2022-09-01 08:40:00,2-6,44.347076416015625,48.62049102783203,41.3941650390625,641.1407470703125,84.57859802246094,14.37939739227295,16.32228660583496,16.0673770904541,15.292566299438477,49.82964324951172,45.44570541381836,31.46712303161621,5.640042781829834,419.59814453125,466.9788818359375,459.20697021484375,2.4770917892456055,668.4613037109375,400.0037841796875,882.3040161132812,535.97900390625,1077.54736328125,627.4559326171875,752.2149047851562,933.12890625,528.9496459960938,1071.483642578125,574.3533325195312,670.0204467773438,979.6701049804688,929.8692016601562,515.7010498046875,260.83465576171875,574.7528076171875,579.3772583007812,38.05644226074219,48.277671813964844,36.1662483215332,62.990020751953125,34.061126708984375,33.94378662109375,42.33913803100586,40.7337646484375,39.07011795043945,46.81047439575195,42.259986877441406,117.19276428222656,46.689735412597656,0.0
2022-09-01 08:41:00,2-6,44.129859924316406,49.42450714111328,41.240074157714844,636.3264770507812,81.59443664550781,14.468829154968262,16.18665313720703,15.983654022216797,15.34008502960205,47.0583381652832,48.19697952270508,33.00249099731445,6.816323757171631,415.066162109375,464.14556884765625,454.1891784667969,2.497586965560913,666.6492919921875,399.68743896484375,884.7085571289062,535.761474609375,1070.5736083984375,630.3251953125,754.4680786132812,931.4271240234375,521.3101196289062,1101.140869140625,591.1407470703125,702.2669677734375,1010.4697265625,931.232177734375,520.2245483398438,268.82708740234375,552.8875122070312,565.9241943359375,41.63435745239258,48.40410232543945,35.4198112487793,66.4759292602539,34.306884765625,33.50577926635742,42.420684814453125,41.27142333984375,40.303951263427734,45.60066223144531,42.384742736816406,121.64926147460938,46.228267669677734,0.0
2022-09-01 08:42:00,2-6,44.21836471557617,49.2056884765625,41.46356201171875,634.90234375,84.38710021972656,14.283946990966797,16.168590545654297,15.982563018798828,15.318268775939941,47.288108825683594,46.70561218261719,31.743131637573242,5.194672584533691,418.32867431640625,461.0167541503906,461.3164367675781,2.525702476501465,669.6212158203125,399.9308776855469,883.84765625,535.7835083007812,1079.971923828125,633.3497924804688,749.4003295898438,932.9723510742188,524.1914672851562,1084.35693359375,616.2218017578125,689.8900146484375,1022.6944580078125,919.7526245117188,522.4010620117188,260.26837158203125,566.4537353515625,562.70458984375,34.133174896240234,46.8255615234375,36.13471984863281,70.73892211914062,33.405860900878906,34.0317497253418,41.196136474609375,38.5246696472168,38.62343978881836,48.33731460571289,44.59516525268555,122.54435729980469,46.681270599365234,0.0
2022-09-01 08:43:00,2-6,43.811317443847656,48.866756439208984,40.761016845703125,642.224609375,85.77955627441406,14.378620147705078,16.225679397583008,16.099510192871094,15.266880989074707,48.41182327270508,46.83547592163086,31.105390548706055,5.673763751983643,417.8148498535156,460.2096862792969,460.9717102050781,2.4971349239349365,668.2330322265625,400.33270263671875,883.8983764648438,531.9697265625,1074.90087890625,631.1893310546875,752.4368286132812,931.8569946289062,517.291259765625,1087.914794921875,589.044921875,687.8831176757812,1007.99853515625,994.1646728515625,529.9856567382812,259.566162109375,552.4857788085938,547.8740234375,38.919986724853516,46.77922058105469,35.30297088623047,70.14422607421875,34.5927734375,34.326881408691406,42.4783821105957,40.670379638671875,40.318756103515625,44.74425506591797,44.54404830932617,128.24179077148438,46.951988220214844,0.0
2022-09-01 08:44:00,2-6,44.07973861694336,49.036155700683594,41.01853942871094,637.8779296875,85.43159484863281,14.155235290527344,16.174175262451172,16.00309944152832,15.426612854003906,49.53178024291992,45.239036560058594,33.558258056640625,6.348789691925049,417.48455810546875,463.0369873046875,461.49066162109375,2.523470878601074,666.7706298828125,401.0893859863281,882.418212890625,535.384765625,1078.6300048828125,630.3624267578125,751.61669921875,939.8707275390625,524.359375,1063.124267578125,585.4063720703125,672.5965576171875,1006.431396484375,930.3847045898438,521.2279052734375,259.447509765625,554.3487548828125,556.7574462890625,33.703426361083984,49.46651840209961,36.15345001220703,69.51142883300781,34.2580451965332,35.11381530761719,41.717918395996094,40.0673942565918,40.137001037597656,46.11296081542969,43.2170524597168,111.77726745605469,46.5336799621582,0.0
2022-09-01 08:45:00,2-6,44.04949188232422,49.49552536010742,39.844730377197266,641.3470458984375,86.14509582519531,14.209457397460938,16.387149810791016,15.63431453704834,15.222315788269043,47.39650344848633,44.80870056152344,32.77745056152344,5.969359397888184,417.1069030761719,459.9521484375,461.0506591796875,2.5065176486968994,669.1002807617188,399.44305419921875,885.1175537109375,532.0380249023438,1080.455078125,631.2689208984375,753.8805541992188,928.1510009765625,512.8465576171875,1081.6611328125,581.3475952148438,666.3690795898438,996.6970825195312,957.10009765625,518.1329345703125,262.526611328125,547.29248046875,594.8622436523438,35.30716323852539,47.4144401550293,36.32978439331055,66.54698181152344,33.97664260864258,34.513675689697266,42.6351432800293,39.4881706237793,39.11540222167969,46.269020080566406,43.283302307128906,128.27273559570312,47.35691833496094,0.0
2022-09-01 08:46:00,2-6,44.010528564453125,49.08881759643555,41.1374626159668,634.9020385742188,85.7762451171875,14.368041038513184,16.14292335510254,15.720399856567383,15.256173133850098,47.79362106323242,45.62086486816406,31.320894241333008,6.2781548500061035,420.0010070800781,466.1852722167969,451.7095947265625,2.438572406768799,667.6619262695312,400.3946533203125,882.2184448242188,533.2130126953125,1076.762939453125,630.4235229492188,752.8922729492188,940.4671630859375,517.3621826171875,1082.002197265625,573.37939453125,711.5930786132812,1009.71142578125,980.2158813476562,522.2510986328125,253.97218322753906,559.2431030273438,588.1984252929688,40.68329620361328,47.900856018066406,36.05876922607422,62.480342864990234,33.89662551879883,33.824668884277344,42.083229064941406,40.743186950683594,39.676170349121094,46.57494354248047,43.469058990478516,129.71270751953125,47.39574432373047,0.0
2022-09-01 08:47:00,2-6,43.84410858154297,49.569435119628906,40.856685638427734,637.2376098632812,85.62757873535156,14.389634132385254,16.09505271911621,15.630838394165039,15.356449127197266,48.67042922973633,44.66294860839844,31.707727432250977,5.944184303283691,418.0937194824219,461.0211181640625,461.82830810546875,2.485339641571045,668.870361328125,399.93121337890625,882.1649780273438,533.9053344726562,1081.4407958984375,629.23779296875,752.3589477539062,936.0510864257812,513.6575317382812,1074.077392578125,597.466796875,699.5106811523438,1002.209228515625,920.1961669921875,518.9542236328125,246.55691528320312,552.431396484375,586.0220336914062,36.75356674194336,47.71772384643555,34.496360778808594,68.84344482421875,34.032981872558594,34.15244674682617,40.85898208618164,38.42204666137695,39.81553649902344,46.753421783447266,42.98349380493164,119.61865234375,47.94231033325195,0.0
2022-09-01 08:48:00,2-6,44.10588455200195,49.02141189575195,41.3318977355957,642.6318359375,87.50564575195312,14.418476104736328,16.278810501098633,15.488438606262207,15.352112770080566,47.45055389404297,47.2293701171875,32.67376708984375,6.379006385803223,419.2152404785156,461.0566101074219,464.2934875488281,2.5193917751312256,665.31494140625,400.944091796875,884.9608154296875,535.37109375,1077.574462890625,630.3654174804688,753.052001953125,939.6575317382812,518.3656005859375,1082.64111328125,578.3195190429688,689.10009765625,1015.8334350585938,910.9180297851562,514.0684204101562,263.1041259765625,559.43701171875,533.59521484375,38.15247344970703,46.16071319580078,36.061973571777344,67.31533813476562,34.55062484741211,34.53550338745117,42.7623405456543,40.16343688964844,38.54362106323242,46.493141174316406,44.398319244384766,117.73300170898438,45.79113006591797,0.0
2022-09-01 08:49:00,2-6,43.99784851074219,49.38232421875,41.463768005371094,634.8260498046875,85.90556335449219,14.31201457977295,16.13485336303711,15.712207794189453,15.253084182739258,46.2075080871582,46.808624267578125,31.936019897460938,6.516738414764404,420.32958984375,462.03839111328125,459.89599609375,2.524094820022583,666.6522827148438,400.2873840332031,884.9842529296875,535.0518188476562,1078.495849609375,630.1617431640625,752.1351318359375,930.3197631835938,530.4851684570312,1090.8232421875,564.5043334960938,703.7085571289062,1022.22216796875,987.941650390625,525.8817749023438,252.45045471191406,557.7406005859375,566.3379516601562,37.129310607910156,46.701019287109375,36.83952713012695,63.513275146484375,34.88994216918945,34.358699798583984,42.00413513183594,38.60963821411133,39.54973220825195,48.27875900268555,45.506736755371094,121.85140991210938,46.36785888671875,0.0
2022-09-01 08:50:00,2-6,43.82818603515625,49.58869934082031,40.109188079833984,634.8363647460938,83.77595520019531,14.340988159179688,16.25716209411621,15.834022521972656,15.219914436340332,46.999210357666016,45.90739822387695,32.757198333740234,5.857420921325684,420.521484375,460.5577392578125,454.87445068359375,2.569122791290283,665.5001831054688,399.4119873046875,885.2890625,534.5188598632812,1078.5126953125,626.5582885742188,753.7264404296875,936.9512329101562,496.55157470703125,1090.272705078125,583.9348754882812,702.3659057617188,1049.0963134765625,950.48779296875,516.8884887695312,240.6400604248047,559.3751220703125,550.388671875,32.66006851196289,48.47859573364258,37.10780715942383,63.33991241455078,33.44179916381836,34.76633834838867,41.56086730957031,40.23509216308594,38.73828125,45.37196731567383,42.850830078125,113.72882080078125,46.70872497558594,0.0
2022-09-01 08:51:00,2-6,43.99681091308594,49.49967575073242,40.9388313293457,636.593505859375,87.28959655761719,14.315451622009277,16.286846160888672,15.626500129699707,15.476836204528809,48.45074462890625,45.59030532836914,33.609580993652344,5.787942409515381,417.6388244628906,463.4178771972656,453.6966552734375,2.4640915393829346,666.769775390625,401.11505126953125,884.7048950195312,534.1100463867188,1078.75927734375,632.3252563476562,753.3051147460938,945.9398193359375,514.3261108398438,1098.038330078125,578.443115234375,703.1092529296875,1028.8140869140625,948.3273315429688,525.089599609375,247.08119201660156,559.7490234375,580.7017211914062,34.55860137939453,47.49237823486328,35.66746520996094,64.6693115234375,33.95751190185547,33.90747833251953,41.642852783203125,40.70283508300781,38.970924377441406,45.64469909667969,44.688758850097656,116.68113708496094,46.01865005493164,0.0
2022-09-01 08:52:00,2-6,44.16837692260742,49.35528564453125,41.47520065307617,633.305419921875,85.9674072265625,14.338597297668457,16.200759887695312,16.06557846069336,15.295631408691406,48.21763229370117,44.58433532714844,34.30824661254883,5.444208145141602,419.414306640625,466.2427062988281,457.0771484375,2.50711727142334,669.0931396484375,400.1629943847656,879.3682250976562,533.7008056640625,1079.8388671875,626.124267578125,752.55859375,940.687255859375,519.386474609375,1091.59033203125,582.331787109375,692.6073608398438,1007.709228515625,934.3092651367188,511.29705810546875,267.714599609375,559.235107421875,548.9093017578125,36.11913299560547,47.94175338745117,35.26795196533203,68.11077880859375,34.737342834472656,34.57609176635742,42.08647537231445,39.8657341003418,40.35040283203125,46.14286804199219,44.074710845947266,127.44265747070312,47.224830627441406,0.0
2022-09-01 08:53:00,2-6,43.828128814697266,49.022315979003906,41.02008819580078,636.1575317382812,85.86068725585938,14.424686431884766,16.16808319091797,15.851555824279785,15.279738426208496,47.98455810546875,47.71217727661133,32.78726577758789,6.500726699829102,420.47589111328125,457.7216796875,456.57220458984375,2.5436301231384277,667.005859375,401.60211181640625,883.5977783203125,532.9689331054688,1077.67626953125,628.5298461914062,749.3461303710938,945.7301025390625,517.25537109375,1056.146728515625,587.2141723632812,679.122802734375,980.9541625976562,942.1902465820312,519.8843994140625,257.6920471191406,548.9885864257812,564.0018920898438,41.53123474121094,49.79157257080078,34.37797927856445,62.094993591308594,34.17518615722656,33.76059341430664,43.21711349487305,40.124568939208984,41.19535446166992,47.29826736450195,44.07213592529297,116.3643798828125,47.264015197753906,0.0
2022-09-01 08:54:00,2-6,44.065792083740234,48.75192642211914,41.563743591308594,639.8818969726562,86.51953125,14.368104934692383,16.18912696838379,15.878664016723633,15.228689193725586,48.659847259521484,45.803619384765625,33.0885009765625,5.664736747741699,418.874755859375,466.5506896972656,457.1109619140625,2.477893114089966,665.0506591796875,400.7445373535156,882.6492309570312,535.2823486328125,1078.701904296875,629.234375,750.6646118164062,936.9822998046875,515.2171630859375,1070.366455078125,598.40869140625,704.7085571289062,1036.5257568359375,942.385498046875,528.41455078125,251.62088012695312,549.620361328125,588.6865234375,34.46115493774414,46.33626174926758,34.31132507324219,70.36062622070312,34.158817291259766,33.87328338623047,40.918113708496094,38.65715789794922,39.299110412597656,46.51322937011719,43.91542434692383,129.320556640625,47.72050857543945,0.0
2022-09-01 08:55:00,2-6,44.14706802368164,49.147159576416016,41.262786865234375,637.2882690429688,85.342529296875,14.331851959228516,16.331266403198242,15.949739456176758,15.181184768676758,48.658111572265625,46.745967864990234,32.4253044128418,5.057226181030273,417.6148681640625,461.34967041015625,456.25579833984375,2.4777915477752686,668.8109130859375,400.78936767578125,880.99365234375,534.3182373046875,1076.005615234375,629.7484130859375,752.6994018554688,936.582763671875,531.9835205078125,1092.478271484375,588.9585571289062,676.502685546875,977.5261840820312,997.216796875,526.6533203125,260.571533203125,556.343505859375,569.1629028320312,36.47433090209961,47.22693634033203,36.33481979370117,65.22001647949219,34.14926528930664,33.78649139404297,42.22880554199219,39.509498596191406,39.757179260253906,47.983177185058594,44.876522064208984,121.28941345214844,46.31565475463867,0.0
2022-09-01 08:56:00,2-6,43.90943908691406,48.96074676513672,41.18978500366211,639.182373046875,88.19281005859375,14.318875312805176,16.270227432250977,15.846960067749023,15.130963325500488,47.90825271606445,44.8071403503418,31.81417465209961,5.65641450881958,417.5195617675781,461.2100524902344,456.91046142578125,2.480736494064331,668.3687133789062,400.10516357421875,882.3487548828125,533.040283203125,1074.1800537109375,630.694580078125,754.8438720703125,948.4124755859375,539.2445068359375,1087.2691650390625,554.0953369140625,698.8236083984375,1012.0668334960938,860.6447143554688,524.4815063476562,256.16259765625,563.44775390625,594.2738037109375,40.916500091552734,48.01215744018555,35.061946868896484,61.30116653442383,34.03745651245117,33.9574089050293,42.039146423339844,39.052528381347656,38.570884704589844,46.177734375,43.16557693481445,122.33204650878906,46.94601058959961,0.0
2022-09-01 08:57:00,2-6,44.18289566040039,49.423194885253906,40.80548858642578,640.8516235351562,86.68251037597656,14.216617584228516,16.15795135498047,15.956297874450684,15.378623962402344,45.94703674316406,45.20294952392578,31.907968521118164,6.0249433517456055,416.5641174316406,461.7904052734375,457.44158935546875,2.5176444053649902,667.6517944335938,401.38812255859375,883.121337890625,533.8119506835938,1074.55859375,631.6815185546875,750.9332885742188,936.7022705078125,506.527099609375,1070.5771484375,587.3697509765625,696.2333984375,975.5363159179688,949.30322265625,517.8184814453125,252.40487670898438,564.0552978515625,580.3862915039062,35.74882507324219,48.103675842285156,34.65702819824219,67.4075927734375,34.09946823120117,33.96394729614258,42.26536560058594,39.885223388671875,39.32241439819336,47.294273376464844,42.77947235107422,117.38566589355469,46.586448669433594,0.0
2022-09-01 08:58:00,2-6,43.82762908935547,48.19709014892578,40.76936721801758,638.0280151367188,86.71630859375,14.416420936584473,16.248947143554688,15.716444969177246,15.411179542541504,48.70553207397461,44.02162170410156,32.601097106933594,5.809605121612549,419.4581604003906,463.68701171875,460.52215576171875,2.561786651611328,667.6488037109375,400.8387451171875,884.0478515625,535.4552001953125,1077.165771484375,629.1486206054688,749.1978759765625,947.23681640625,518.4500732421875,1051.296142578125,577.8024291992188,693.286376953125,982.9227905273438,925.75048828125,521.5708618164062,264.60986328125,548.84228515625,542.9462280273438,36.79434585571289,46.805816650390625,35.076358795166016,69.7923355102539,34.55313491821289,34.044960021972656,40.80158996582031,40.867637634277344,39.45635223388672,45.43657684326172,43.58916473388672,117.94854736328125,47.27206802368164,0.0
2022-09-01 08:59:00,2-6,44.09984588623047,49.28144073486328,40.986385345458984,633.98583984375,85.2796630859375,14.304139137268066,16.248241424560547,15.8274564743042,15.205751419067383,47.46501922607422,45.88782501220703,32.47103500366211,6.295437812805176,418.63726806640625,459.0381164550781,462.00665283203125,2.5350871086120605,666.3038940429688,400.6647033691406,880.9514770507812,534.6725463867188,1076.073974609375,630.122802734375,756.4862060546875,939.292236328125,516.650634765625,1071.27587890625,589.9016723632812,692.45849609375,987.3905029296875,881.2329711914062,524.758056640625,252.28890991210938,539.4282836914062,533.7384643554688,38.904502868652344,48.64423370361328,36.05587387084961,63.39592742919922,32.892860412597656,34.069156646728516,43.33985900878906,40.24246597290039,39.1837043762207,45.563541412353516,42.682430267333984,111.98403930664062,45.659976959228516,0.0
2022-09-01 09:00:00,2-6,44.22997283935547,48.10470199584961,40.359161376953125,623.1324462890625,79.77975463867188,14.230899810791016,15.919585227966309,15.647411346435547,14.853764533996582,48.094688415527344,45.12351608276367,31.372726440429688,7.284331798553467,417.4609375,470.05731201171875,457.34490966796875,2.434870719909668,666.9717407226562,400.0517578125,883.4608154296875,537.8065185546875,1079.91357421875,628.4498901367188,752.753662109375,945.558349609375,514.146728515625,1021.8388671875,543.335693359375,620.4154052734375,988.6102294921875,956.1490478515625,520.20556640625,279.2225341796875,574.9277954101562,642.9720458984375,31.178630828857422,53.621681213378906,40.17527770996094,73.85824584960938,36.22782897949219,35.40104675292969,44.53726577758789,41.7156867980957,40.93902587890625,51.99634552001953,45.3513298034668,122.65249633789062,48.26974105834961,0.0
2022-09-01 09:01:00,2-6,43.80720138549805,48.64323425292969,40.23118209838867,619.1996459960938,79.93074035644531,14.30514907836914,15.816823959350586,15.710342407226562,14.99182415008545,46.99116516113281,46.68143081665039,31.647321701049805,8.36704158782959,416.7359924316406,467.7564392089844,452.5290832519531,2.521883010864258,666.748046875,400.1398620605469,884.1188354492188,536.8548583984375,1076.792236328125,629.071044921875,756.3865966796875,936.726318359375,525.1323852539062,1064.34130859375,571.6329345703125,683.5123291015625,992.2666015625,945.9700927734375,517.835693359375,276.99609375,558.1665649414062,634.8656616210938,36.342918395996094,52.72676467895508,38.76932144165039,75.83502197265625,37.17668151855469,35.223873138427734,45.56431579589844,41.284515380859375,41.628753662109375,51.60597229003906,45.130645751953125,128.4002227783203,48.0297966003418,0.0
2022-09-01 09:02:00,2-6,43.892051696777344,48.10868453979492,40.07711410522461,625.9013671875,81.52934265136719,14.19050121307373,15.69556713104248,15.574501037597656,15.038445472717285,45.54655838012695,44.823394775390625,30.606048583984375,6.274796962738037,420.30230712890625,471.6354675292969,461.978271484375,2.538121461868286,669.5470581054688,400.51287841796875,883.1521606445312,536.525634765625,1080.2015380859375,632.8145141601562,751.7435913085938,936.64306640625,522.39111328125,1033.7371826171875,578.1399536132812,657.7939453125,1012.4681396484375,959.5396118164062,524.295166015625,262.3277893066406,573.4429931640625,589.07958984375,25.66020393371582,49.8521842956543,40.84477615356445,80.4809799194336,35.95046615600586,35.610443115234375,43.85403060913086,38.199119567871094,40.467594146728516,52.47208786010742,46.97454071044922,138.92388916015625,47.67212677001953,0.0
2022-09-01 09:03:00,2-6,43.67738723754883,48.368404388427734,40.152408599853516,634.3087158203125,80.80404663085938,14.168976783752441,15.772296905517578,15.647954940795898,14.866948127746582,47.1400032043457,45.81362533569336,30.310161590576172,8.27014446258545,419.3216552734375,470.50341796875,458.51690673828125,2.5366315841674805,666.976806640625,401.3155212402344,881.6773071289062,531.1446533203125,1080.88623046875,629.5264282226562,754.1488037109375,934.3927612304688,522.214599609375,1028.6563720703125,577.238037109375,663.8998413085938,1007.5958251953125,924.9176635742188,529.328857421875,266.5767822265625,566.2606201171875,619.0667114257812,33.66196823120117,50.54017639160156,40.47108459472656,79.04193115234375,36.238887786865234,35.02811050415039,45.35670852661133,42.01411056518555,41.662994384765625,49.715911865234375,48.283241271972656,132.5291748046875,48.1245231628418,0.0
2022-09-01 09:04:00,2-6,43.645606994628906,48.79056167602539,40.68197250366211,627.3132934570312,80.01876831054688,13.970571517944336,15.565701484680176,15.37469482421875,15.102792739868164,47.504066467285156,44.367916107177734,32.63338851928711,7.348867893218994,415.3502197265625,466.87591552734375,462.669921875,2.505394458770752,668.1874389648438,401.78564453125,881.571533203125,535.89306640625,1084.704345703125,629.0237426757812,751.418212890625,943.3689575195312,519.9692993164062,1020.6879272460938,530.47802734375,647.0308837890625,992.4795532226562,937.9139404296875,524.4197387695312,266.438720703125,554.3275146484375,585.3570556640625,24.385467529296875,52.824851989746094,40.19917678833008,78.80859375,36.702667236328125,37.228912353515625,43.878658294677734,40.48824691772461,41.87661361694336,49.81140899658203,46.214962005615234,121.75152587890625,47.81743621826172,0.0
2022-09-01 09:05:00,2-6,43.814212799072266,48.44411087036133,39.716224670410156,629.559326171875,84.11642456054688,14.031816482543945,15.885880470275879,15.388816833496094,14.75883960723877,47.97753143310547,45.69969177246094,30.962257385253906,6.892435550689697,416.87652587890625,465.3050842285156,460.5123596191406,2.453382968902588,669.4674072265625,399.47650146484375,884.5784912109375,532.164306640625,1083.318359375,630.1763916015625,756.8448486328125,936.9072265625,507.2442626953125,1031.845947265625,566.885986328125,641.8177490234375,947.3366088867188,985.64990234375,523.5156860351562,276.3221435546875,560.859375,635.5822143554688,28.01548194885254,51.395633697509766,38.215606689453125,73.32600402832031,37.17933654785156,36.426856994628906,45.23316955566406,40.67164611816406,41.27618408203125,50.20534896850586,47.033382415771484,132.33517456054688,48.00347137451172,0.0
2022-09-01 09:06:00,2-6,43.762290954589844,48.713645935058594,40.0949821472168,620.43505859375,81.23097229003906,14.175731658935547,15.642243385314941,15.090943336486816,14.760053634643555,47.15549850463867,47.43693542480469,30.27667808532715,7.792665004730225,418.84954833984375,469.7160339355469,450.9374084472656,2.4316773414611816,669.789794921875,401.1677551269531,882.5100708007812,533.8878173828125,1079.8433837890625,630.3005981445312,754.32421875,940.514404296875,508.66778564453125,1029.554931640625,547.1336669921875,696.2366333007812,978.1478881835938,987.793701171875,517.6181030273438,271.9794006347656,571.2620239257812,624.2465209960938,32.045654296875,52.749794006347656,38.372962951660156,70.08956909179688,35.71763610839844,34.611392974853516,43.432533264160156,40.55026626586914,40.94693374633789,52.44023513793945,46.261295318603516,132.39859008789062,48.56074523925781,0.0
2022-09-01 09:07:00,2-6,43.806304931640625,48.9828987121582,40.442684173583984,621.6200561523438,82.25741577148438,14.123676300048828,15.72730827331543,15.395180702209473,14.82691478729248,46.9126091003418,44.7772331237793,30.638957977294922,7.43018102645874,419.1007080078125,467.79766845703125,456.18914794921875,2.4974453449249268,668.0977783203125,400.4566345214844,882.1220703125,535.3480834960938,1081.00390625,629.2266845703125,754.956787109375,945.8331298828125,508.95306396484375,1025.024169921875,575.85986328125,680.7211303710938,965.0582885742188,970.4180297851562,520.8917846679688,263.494140625,558.861083984375,607.6203002929688,34.79548263549805,51.041099548339844,38.12873458862305,80.11621856689453,36.0977897644043,35.81501007080078,43.823455810546875,40.125980377197266,41.26650619506836,53.76991271972656,47.79934310913086,129.48269653320312,48.98017120361328,0.0
2022-09-01 09:08:00,2-6,43.90101623535156,48.15406799316406,40.79393005371094,627.9692993164062,80.15232849121094,14.19873332977295,15.891880989074707,15.25472640991211,14.765941619873047,46.34502029418945,47.66265869140625,30.57050895690918,7.123463153839111,418.6785888671875,467.9446105957031,462.32965087890625,2.5178794860839844,664.1737670898438,400.582763671875,885.1646728515625,536.3456420898438,1081.1990966796875,627.9699096679688,755.8494262695312,941.760009765625,510.99114990234375,1042.71240234375,560.4271850585938,646.1602783203125,1001.4329223632812,934.2330932617188,517.4075927734375,273.3424377441406,565.45166015625,555.8054809570312,31.45079231262207,53.13325500488281,41.44285583496094,73.27729034423828,36.21235656738281,36.03348922729492,47.372379302978516,42.494895935058594,39.73863220214844,51.50263977050781,48.143096923828125,125.14927673339844,47.24753189086914,0.0
2022-09-01 09:09:00,2-6,43.76167678833008,48.626686096191406,39.93635559082031,619.8410034179688,82.96502685546875,14.077066421508789,15.631471633911133,15.22240161895752,14.989900588989258,46.399139404296875,45.080650329589844,31.4621524810791,7.53961181640625,418.38037109375,466.1268310546875,453.37689208984375,2.515255928039551,667.7137451171875,399.28582763671875,884.1968383789062,536.7882080078125,1081.5894775390625,631.159912109375,755.9730224609375,937.4097290039062,516.0643310546875,1052.3134765625,552.0674438476562,652.4564208984375,997.5408935546875,979.7981567382812,519.85986328125,266.1220703125,556.724365234375,629.447509765625,32.73537063598633,49.88580322265625,40.46159362792969,73.2869873046875,36.646305084228516,35.91242980957031,45.16945266723633,39.002838134765625,41.25015640258789,53.154685974121094,47.84428405761719,127.68301391601562,47.42494583129883,0.0
2022-09-01 09:10:00,2-6,43.57748031616211,49.095237731933594,40.06756591796875,624.1421508789062,80.01206970214844,14.201584815979004,15.480509757995605,15.358263969421387,14.75593090057373,46.9325065612793,44.819969177246094,32.1375617980957,6.962756156921387,419.2029724121094,466.5406494140625,456.13006591796875,2.592012643814087,667.39404296875,398.72528076171875,884.0130004882812,535.67724609375,1082.108642578125,629.017578125,755.1983642578125,943.2830200195312,498.2342529296875,1058.01171875,563.8265380859375,665.9070434570312,996.0159912109375,949.0546264648438,516.746337890625,258.6117248535156,561.2597045898438,581.0466918945312,31.048168182373047,52.59031677246094,41.51008987426758,68.80286407470703,35.333744049072266,36.03400421142578,45.49791717529297,40.28581619262695,41.2010498046875,48.756744384765625,46.69622039794922,116.98390197753906,47.70256805419922,0.0
2022-09-01 09:11:00,2-6,43.683406829833984,49.428367614746094,39.884498596191406,623.6673583984375,82.19683837890625,14.093389511108398,15.94290828704834,15.208521842956543,15.082566261291504,46.10316467285156,45.28565216064453,31.430177688598633,7.707240104675293,416.5125732421875,467.90423583984375,452.82781982421875,2.4533591270446777,665.575439453125,401.24957275390625,882.0536499023438,535.1837768554688,1082.9407958984375,632.4949951171875,754.4008178710938,947.9046630859375,517.9822998046875,1040.919677734375,561.0132446289062,679.4033203125,933.9411010742188,933.33203125,524.29248046875,267.98712158203125,570.478759765625,630.8140258789062,30.91875648498535,50.87339782714844,39.40532684326172,73.54095458984375,35.87240982055664,36.33305740356445,45.835845947265625,40.87539291381836,40.75708770751953,51.49304962158203,47.988616943359375,121.19587707519531,47.99436950683594,0.0
2022-09-01 09:12:00,2-6,44.14590835571289,48.437103271484375,40.510860443115234,615.5763549804688,84.07737731933594,14.227141380310059,15.80714225769043,15.616522789001465,14.884958267211914,47.45637893676758,42.175743103027344,33.810367584228516,6.655218601226807,419.7235412597656,467.0768737792969,458.13763427734375,2.4560303688049316,670.088623046875,399.6954650878906,879.0528564453125,536.4801635742188,1084.095703125,627.2247314453125,754.796875,946.0841064453125,504.7689514160156,1042.0352783203125,545.3749389648438,672.2013549804688,1001.3786010742188,940.9846801757812,519.8196411132812,279.0108642578125,563.21728515625,587.2107543945312,29.071821212768555,53.798309326171875,38.95673370361328,79.87277221679688,37.34227752685547,36.52051544189453,43.85770034790039,39.71561050415039,41.201908111572266,51.42858123779297,47.24155807495117,139.87930297851562,47.85243225097656,0.0
2022-09-01 09:13:00,2-6,43.542633056640625,48.696189880371094,40.117828369140625,623.1732788085938,83.65458679199219,14.159852027893066,15.785989761352539,15.492892265319824,14.72142219543457,46.460323333740234,46.36365509033203,30.849031448364258,7.411606311798096,420.1645812988281,463.4241943359375,452.081298828125,2.5318284034729004,665.987548828125,401.6205749511719,883.9647827148438,536.1984252929688,1080.6654052734375,628.5467529296875,753.9342041015625,951.3037109375,514.4805908203125,993.4478149414062,557.1708374023438,650.7811889648438,929.7796630859375,980.76513671875,518.2274780273438,281.76727294921875,555.573974609375,601.7537841796875,34.584381103515625,51.84624481201172,36.748085021972656,68.77427673339844,36.20234298706055,35.092628479003906,47.283294677734375,42.21239471435547,42.5654411315918,52.11970520019531,47.941551208496094,119.96435546875,48.24150848388672,0.0
2022-09-01 09:14:00,2-6,43.8104248046875,48.27943801879883,40.73176574707031,629.1140747070312,82.78126525878906,14.203303337097168,15.736679077148438,15.673229217529297,14.81656265258789,46.50886917114258,45.97352981567383,32.67823028564453,7.7438530921936035,415.5198059082031,470.369384765625,459.260498046875,2.4586105346679688,667.5355224609375,400.06097412109375,884.2036743164062,535.9212646484375,1082.5843505859375,630.2198486328125,750.3077392578125,944.3782348632812,506.57073974609375,1023.5155029296875,557.3202514648438,682.3400268554688,996.0399780273438,992.431640625,526.5765380859375,278.947265625,549.7337646484375,610.1482543945312,26.771621704101562,49.58295822143555,38.19331741333008,80.58341979980469,36.22585678100586,36.40929412841797,45.07857131958008,39.975032806396484,39.93840789794922,51.201988220214844,47.40123748779297,127.50839233398438,48.754066467285156,0.0
2022-09-01 09:15:00,2-6,43.84615707397461,48.60521697998047,40.744903564453125,619.364990234375,81.74087524414062,14.028287887573242,15.876192092895508,15.433455467224121,14.89969253540039,45.59663009643555,44.78599548339844,31.05308723449707,6.52597188949585,418.0246887207031,467.64923095703125,456.18182373046875,2.509822368621826,665.6348876953125,401.0269775390625,879.0930786132812,536.4390258789062,1081.057373046875,630.0634155273438,753.8018188476562,942.0682373046875,501.1865234375,1039.1016845703125,558.6837158203125,674.4222412109375,972.3233642578125,1040.9903564453125,532.1526489257812,284.0377197265625,565.9261474609375,619.8364868164062,33.288551330566406,52.48112106323242,40.89160919189453,70.63203430175781,36.5165901184082,35.15501022338867,45.75166702270508,40.85026550292969,42.191566467285156,55.66498565673828,47.151634216308594,120.67617797851562,47.356590270996094,0.0
2022-09-01 09:16:00,2-6,43.461402893066406,48.782535552978516,40.081016540527344,624.4498901367188,82.45994567871094,14.042613983154297,15.84894847869873,15.533312797546387,14.924408912658691,46.925872802734375,45.10134506225586,31.439054489135742,7.329524993896484,418.4006042480469,464.6405944824219,460.17218017578125,2.494480609893799,668.6630249023438,399.925537109375,882.9100341796875,534.8282470703125,1081.3521728515625,631.6470336914062,754.7157592773438,951.46044921875,538.3384399414062,1034.741455078125,533.8134765625,657.5049438476562,993.3983154296875,911.2745361328125,525.3348388671875,266.76031494140625,568.3251953125,614.005615234375,34.17410659790039,51.02350616455078,37.85847473144531,70.8311767578125,36.67536544799805,35.8398323059082,45.42329025268555,41.3421630859375,40.319671630859375,50.31676483154297,47.26142883300781,124.16220092773438,47.946311950683594,0.0
2022-09-01 09:17:00,2-6,43.91983413696289,48.37204360961914,40.08686828613281,629.0166015625,84.82524108886719,14.043872833251953,15.662026405334473,15.52929973602295,14.92344856262207,45.136375427246094,44.82789611816406,30.994842529296875,7.067888259887695,417.33087158203125,466.59405517578125,455.6167297363281,2.4715781211853027,669.2958984375,400.44439697265625,881.3283081054688,535.258056640625,1079.9315185546875,632.6051635742188,751.64892578125,946.6183471679688,496.9158630371094,1029.831787109375,554.7750854492188,690.2974853515625,982.5587158203125,1013.7229614257812,521.3231201171875,274.7447814941406,578.19873046875,609.4491577148438,29.372695922851562,52.6205940246582,39.72011184692383,76.02008056640625,36.696739196777344,34.895355224609375,45.26419448852539,40.68772888183594,41.211036682128906,52.54975891113281,45.770957946777344,121.53004455566406,48.15776824951172,0.0
2022-09-01 09:18:00,2-6,43.961700439453125,47.99775695800781,39.92399597167969,620.7844848632812,83.52102661132812,14.294344902038574,15.851646423339844,15.400486946105957,14.837692260742188,47.73980712890625,42.276790618896484,31.32843017578125,6.513937950134277,420.51556396484375,468.05670166015625,466.2928466796875,2.5248661041259766,666.8248901367188,399.8968200683594,882.1431274414062,536.0460205078125,1081.6279296875,631.5037231445312,750.3753662109375,950.0546264648438,488.9100036621094,984.0149536132812,544.8718872070312,660.0906372070312,956.3417358398438,958.9888916015625,525.468505859375,277.12451171875,569.3853149414062,590.9337158203125,29.016889572143555,52.32857131958008,38.81031036376953,74.44535827636719,35.63999938964844,35.39816665649414,44.01116943359375,41.9807014465332,40.5079460144043,49.07122802734375,47.357765197753906,129.7659454345703,48.912845611572266,0.0
2022-09-01 09:19:00,2-6,43.86539077758789,48.47097396850586,39.87119674682617,622.22265625,82.34431457519531,14.174117088317871,15.682037353515625,15.455543518066406,14.716347694396973,46.83455276489258,44.75675964355469,32.841732025146484,7.274985313415527,419.82598876953125,463.8887939453125,459.9701843261719,2.509622812271118,666.65673828125,401.49871826171875,879.4801025390625,536.7528076171875,1080.7762451171875,633.0584106445312,756.566650390625,947.221923828125,506.787109375,1013.5936279296875,577.023193359375,676.181396484375,952.2045288085938,913.1271362304688,521.2125854492188,263.0807189941406,553.5606079101562,600.0408935546875,32.9443359375,52.582645416259766,39.8758544921875,73.4985580444336,35.688575744628906,35.01027297973633,44.96011734008789,41.232444763183594,40.60300827026367,51.154449462890625,45.44025421142578,119.45942687988281,46.511741638183594,0.0
2022-09-01 09:20:00,2-6,44.306358337402344,48.76749038696289,40.91379928588867,635.2581176757812,82.83883666992188,14.264845848083496,16.169937133789062,15.875001907348633,15.155438423156738,49.683624267578125,45.122745513916016,31.79181671142578,6.087499618530273,418.9155578613281,467.98388671875,460.18646240234375,2.4713122844696045,666.226806640625,399.0584411621094,880.7525024414062,537.7631225585938,1074.555908203125,629.6090698242188,750.4168090820312,932.234130859375,512.4959716796875,1065.185546875,577.51025390625,657.2269897460938,1013.1332397460938,918.3580322265625,516.923095703125,262.99639892578125,564.2333984375,572.3143310546875,35.884944915771484,50.940696716308594,37.356285095214844,66.82722473144531,34.62742614746094,34.77280807495117,42.048828125,41.252967834472656,39.58494186401367,48.48811340332031,43.393192291259766,112.38725280761719,48.289527893066406,0.0
2022-09-01 09:21:00,2-6,43.98320007324219,49.13542175292969,40.927799224853516,630.4410400390625,82.14913940429688,14.40932846069336,16.087791442871094,15.874725341796875,15.196884155273438,46.65338134765625,46.86354064941406,33.0416145324707,7.1902995109558105,415.9114990234375,464.5851135253906,457.3019714355469,2.4933130741119385,666.1407470703125,399.75616455078125,883.1851806640625,535.7454223632812,1070.2923583984375,628.9306030273438,755.49462890625,927.8564453125,521.7777099609375,1092.503662109375,600.4854125976562,692.3658447265625,997.3740844726562,955.5086059570312,523.4596557617188,257.4007568359375,544.2288818359375,554.7784423828125,42.064823150634766,49.261558532714844,36.11984634399414,72.46505737304688,35.304908752441406,33.90597915649414,43.946815490722656,41.13816452026367,40.05992126464844,48.10445022583008,43.202388763427734,112.48069763183594,47.13155746459961,0.0
2022-09-01 09:22:00,2-6,44.05046081542969,49.204681396484375,40.59345626831055,635.0372314453125,83.2225341796875,14.284585952758789,15.987164497375488,15.84201717376709,15.330113410949707,46.280418395996094,45.503028869628906,32.909183502197266,5.321614742279053,420.5500183105469,467.32080078125,459.6248779296875,2.5645267963409424,668.355712890625,400.03240966796875,880.4151611328125,536.6669921875,1077.9835205078125,630.7628173828125,748.766845703125,933.2613525390625,512.46142578125,1073.223388671875,598.9713745117188,670.9866333007812,1038.36376953125,897.4705200195312,524.6238403320312,251.0015106201172,555.177490234375,556.6679077148438,31.418773651123047,46.93231964111328,36.76933670043945,74.37761688232422,34.48883819580078,33.86791229248047,42.11084747314453,37.87437057495117,39.053977966308594,48.90851974487305,45.451026916503906,132.42665100097656,47.647430419921875,0.0
2022-09-01 09:23:00,2-6,44.02948760986328,49.431251525878906,40.50846862792969,640.8431396484375,81.97972106933594,14.203863143920898,16.03480339050293,15.884775161743164,15.178546905517578,48.34123229980469,46.98784637451172,31.855541229248047,6.6934733390808105,419.2429504394531,464.8935546875,458.0023498535156,2.5268709659576416,668.0459594726562,400.76165771484375,881.5321044921875,531.3657836914062,1078.182861328125,628.3829956054688,751.21923828125,926.0775756835938,530.421142578125,1069.8040771484375,598.9835205078125,679.7728271484375,1015.7393798828125,932.0006713867188,527.9540405273438,257.0496520996094,545.10400390625,581.1322021484375,38.59579086303711,47.81514358520508,37.80741882324219,70.48687744140625,34.593746185302734,34.11487579345703,42.982032775878906,41.26536560058594,40.322998046875,46.42445755004883,45.89258575439453,122.79621887207031,47.1678352355957,0.0
2022-09-01 09:24:00,2-6,43.97035598754883,49.32648849487305,41.14890670776367,637.1328735351562,82.18060302734375,14.01134204864502,15.894613265991211,15.734879493713379,15.317997932434082,48.99372482299805,45.00111770629883,33.86170959472656,6.69020414352417,416.6438293457031,465.33306884765625,464.9137878417969,2.510347604751587,665.2899169921875,400.923095703125,880.28173828125,535.822509765625,1081.50830078125,628.1940307617188,751.4141235351562,935.6932373046875,525.3948974609375,1051.068359375,552.217041015625,652.0975952148438,1039.5545654296875,908.2009887695312,531.353759765625,247.8968963623047,535.7398071289062,527.3182983398438,29.47655487060547,49.94017791748047,36.3699951171875,68.99232482910156,34.996604919433594,36.17893981933594,41.69069290161133,39.36048889160156,41.299072265625,44.86469650268555,44.794960021972656,118.63406372070312,47.52407455444336,0.0
2022-09-01 09:25:00,2-6,43.95750045776367,49.279754638671875,40.085411071777344,638.1705932617188,85.26777648925781,14.166610717773438,16.198335647583008,15.625184059143066,15.154321670532227,47.2185173034668,45.984432220458984,33.01139831542969,6.632253646850586,417.63983154296875,462.80584716796875,460.1286315917969,2.4724106788635254,669.2411499023438,399.0368347167969,884.7648315429688,532.7219848632812,1079.670166015625,630.309326171875,755.2288818359375,929.7793579101562,510.5934753417969,1072.04736328125,574.85791015625,651.4216918945312,990.84814453125,957.5026245117188,526.1860961914062,262.897705078125,551.3580322265625,589.965576171875,32.04090118408203,48.13307571411133,36.313777923583984,67.05955505371094,35.08550262451172,34.78815841674805,43.20085906982422,39.35093688964844,39.51138687133789,46.663490295410156,44.681331634521484,123.73995971679688,46.966800689697266,0.0
2022-09-01 09:26:00,2-6,43.890968322753906,49.34984588623047,40.48223876953125,633.33642578125,83.20240783691406,14.289618492126465,16.061368942260742,15.407247543334961,15.124279975891113,47.952884674072266,46.53889465332031,31.57303810119629,6.784549236297607,417.3089904785156,467.6740417480469,454.94366455078125,2.4262890815734863,669.1343383789062,400.9169006347656,881.0386962890625,534.0772705078125,1076.241455078125,631.1801147460938,753.7713012695312,933.4082641601562,510.9258117675781,1068.911865234375,564.2599487304688,714.269775390625,1007.8676147460938,941.2341918945312,522.928466796875,256.43206787109375,553.1790161132812,584.0262451171875,34.81941604614258,49.23128128051758,36.02897262573242,66.16134643554688,34.54607009887695,33.76832962036133,41.39091873168945,40.70325469970703,40.00382995605469,49.6851692199707,44.348934173583984,127.59426879882812,47.46919250488281,0.0
2022-09-01 09:27:00,2-6,43.977699279785156,49.4554443359375,40.9526252746582,634.041259765625,84.9189453125,14.226517677307129,15.858484268188477,15.583205223083496,15.166051864624023,47.497581481933594,45.54557418823242,31.699462890625,6.325020790100098,418.2884521484375,466.9169616699219,459.3348083496094,2.5010907649993896,668.0367431640625,400.0185852050781,880.4212036132812,534.5070190429688,1078.847412109375,627.3553466796875,752.709716796875,940.612060546875,511.1527099609375,1066.5306396484375,586.9032592773438,691.0695190429688,1003.9125366210938,935.7390747070312,519.3245849609375,247.65745544433594,546.2774658203125,581.4530639648438,40.06591033935547,48.1095085144043,35.216766357421875,69.79351043701172,35.00624084472656,34.73051834106445,42.868534088134766,38.9562873840332,40.12443923950195,50.21588134765625,46.09040069580078,113.43267822265625,48.84305191040039,0.0
2022-09-01 09:28:00,2-6,44.20684051513672,48.27055358886719,41.160499572753906,633.9583129882812,83.76864624023438,14.295417785644531,16.199111938476562,15.376937866210938,15.054356575012207,46.95281982421875,47.02653503417969,31.75794792175293,6.20090389251709,419.7311096191406,464.7564392089844,463.5093994140625,2.5501325130462646,663.2303466796875,400.2649230957031,882.9874267578125,536.4102783203125,1075.88818359375,628.5173950195312,753.3580932617188,941.2684936523438,513.5982666015625,1070.9053955078125,578.0907592773438,662.8213500976562,1013.9263305664062,926.505859375,519.3392333984375,252.72239685058594,549.0943603515625,529.0653686523438,35.12690734863281,49.084449768066406,37.682342529296875,67.86552429199219,34.655914306640625,35.451019287109375,44.20936584472656,41.58547592163086,38.988616943359375,46.967655181884766,45.25356674194336,115.34054565429688,46.837276458740234,0.0
2022-09-01 09:29:00,2-6,43.96785354614258,49.171016693115234,40.65287399291992,630.7440185546875,85.0030517578125,14.165311813354492,15.868585586547852,15.538064002990723,15.243617057800293,45.45779800415039,45.05195999145508,32.67765808105469,6.529623985290527,419.7453308105469,463.5635986328125,457.5177307128906,2.5507900714874268,665.335693359375,399.04998779296875,881.969482421875,536.363037109375,1077.57958984375,630.6629028320312,753.033203125,932.31494140625,526.1766967773438,1083.12451171875,581.3060302734375,679.263916015625,1018.5189208984375,959.0989990234375,521.8473510742188,250.75729370117188,533.6334228515625,583.0205078125,36.145286560058594,48.08327865600586,37.95592498779297,64.21824645996094,34.60828399658203,34.334693908691406,43.140663146972656,39.09480285644531,39.72053527832031,47.56275177001953,45.531410217285156,120.42564392089844,46.828338623046875,0.0
2022-09-01 09:30:00,2-6,43.864967346191406,49.66439437866211,40.38253402709961,632.0925903320312,82.1845703125,14.275713920593262,15.92605209350586,15.660791397094727,15.063218116760254,47.43665313720703,45.52314758300781,33.06135177612305,6.136918067932129,420.6125183105469,463.0628662109375,456.553955078125,2.6031365394592285,665.548828125,398.7076110839844,884.7932739257812,534.7073364257812,1078.3232421875,627.140380859375,753.2823486328125,936.956787109375,494.859130859375,1092.1455078125,588.7848510742188,693.4307250976562,1046.9422607421875,940.1487426757812,518.2160034179688,245.69960021972656,553.4677734375,539.6016235351562,33.084346771240234,50.387271881103516,37.71455764770508,66.31269836425781,34.12485885620117,34.916900634765625,43.347503662109375,39.361976623535156,40.41218566894531,45.85027313232422,44.61794662475586,107.84638977050781,46.75550079345703,0.0
2022-09-01 09:31:00,2-6,43.98933410644531,49.91564178466797,40.168174743652344,633.9492797851562,85.24801635742188,14.175786018371582,16.10208511352539,15.493803977966309,15.332307815551758,46.794742584228516,45.22809982299805,33.286590576171875,7.1595778465271,417.1989440917969,465.2897033691406,454.5660705566406,2.4933269023895264,664.7755737304688,401.0259094238281,882.0706787109375,534.6842041015625,1079.175537109375,632.2696533203125,754.6622314453125,944.093505859375,526.0750732421875,1085.501220703125,575.8765869140625,690.0147094726562,983.8048706054688,927.1121826171875,523.2562866210938,255.4896697998047,552.1004638671875,573.1231689453125,31.646493911743164,46.87873840332031,36.41788101196289,68.63212585449219,34.035160064697266,34.93092346191406,43.39150619506836,40.39134216308594,39.4329948425293,47.93999481201172,45.9647102355957,109.10601806640625,47.23259735107422,0.0
2022-09-01 09:32:00,2-6,44.215274810791016,48.95457077026367,41.07304382324219,627.61083984375,85.86531066894531,14.333440780639648,16.0372314453125,15.868487358093262,15.188889503479004,49.31321716308594,44.01729202270508,34.986724853515625,5.990119457244873,420.44891357421875,463.632080078125,456.20880126953125,2.4682865142822266,668.2359008789062,399.1162109375,877.0084838867188,535.5691528320312,1079.97216796875,627.524169921875,753.1400756835938,941.5516357421875,511.21942138671875,1074.249755859375,585.531982421875,678.1920166015625,1047.4154052734375,926.9933471679688,515.0114135742188,265.9951477050781,548.7457275390625,550.9906005859375,31.490182876586914,49.75804138183594,36.6500244140625,71.76116943359375,36.26342010498047,34.88650894165039,42.634971618652344,38.95699691772461,40.07224655151367,47.890464782714844,44.565155029296875,119.91799926757812,47.292259216308594,0.0
2022-09-01 09:33:00,2-6,43.869686126708984,49.11752700805664,40.650718688964844,631.8311767578125,84.52656555175781,14.275172233581543,16.12233543395996,15.814338684082031,15.107733726501465,47.25784683227539,46.966339111328125,32.72874069213867,6.847588062286377,419.77386474609375,456.3739929199219,457.65338134765625,2.563751459121704,664.8070678710938,400.9814453125,881.9866943359375,535.2601928710938,1075.6912841796875,629.0687866210938,751.5734252929688,947.1622314453125,516.5426025390625,1044.434814453125,586.1251220703125,665.18310546875,955.462158203125,976.449951171875,518.1919555664062,268.3196105957031,536.41748046875,568.2330932617188,41.892822265625,49.78813171386719,34.753883361816406,61.00111770629883,34.54330825805664,34.099143981933594,43.65843963623047,40.937110900878906,41.10050582885742,48.658023834228516,45.57023620605469,111.1147689819336,47.43544387817383,0.0
2022-09-01 09:34:00,2-6,44.0485725402832,48.82890319824219,41.150001525878906,636.7388916015625,83.62281799316406,14.327692985534668,16.015108108520508,15.890701293945312,15.134939193725586,47.96895217895508,45.089351654052734,33.402530670166016,6.544721603393555,418.2418518066406,468.1473693847656,458.27044677734375,2.469513177871704,666.5811157226562,399.4920654296875,883.6783447265625,533.882568359375,1077.266357421875,630.6602783203125,748.724609375,939.5651245117188,513.1342163085938,1066.8369140625,594.010986328125,693.6616821289062,1036.564208984375,980.8780517578125,528.3167114257812,253.125244140625,529.40625,579.6934814453125,31.793285369873047,47.14521026611328,35.78913116455078,74.27764892578125,33.99069595336914,35.053627014160156,42.446529388427734,38.413475036621094,39.11402130126953,48.27519989013672,44.734649658203125,122.44021606445312,47.440032958984375,0.0
2022-09-01 09:35:00,2-6,44.25754928588867,49.26180648803711,41.37181854248047,632.7286376953125,84.20494079589844,14.185402870178223,16.13066864013672,15.755536079406738,15.1769437789917,46.82338333129883,45.370845794677734,31.790353775024414,5.571699142456055,417.5649719238281,462.8360290527344,453.2001953125,2.501373767852783,666.545166015625,401.0420227050781,879.8952026367188,536.0640869140625,1076.3155517578125,628.5787353515625,751.5379028320312,943.0062255859375,509.1143493652344,1083.455322265625,580.822021484375,681.4537353515625,996.6380615234375,953.6112060546875,527.9513549804688,262.29571533203125,555.8465576171875,576.6694946289062,36.992591857910156,49.89353561401367,37.3458137512207,68.01123809814453,35.298213958740234,34.16160583496094,43.61592483520508,40.076087951660156,41.026878356933594,50.35173416137695,46.2213249206543,114.71009826660156,46.937744140625,0.0
2022-09-01 09:36:00,2-6,43.600242614746094,49.272216796875,40.57331466674805,632.579833984375,84.58401489257812,14.186781883239746,16.16779136657715,15.807907104492188,15.164326667785645,48.19422912597656,45.33618927001953,32.630592346191406,6.95440673828125,417.51934814453125,463.6165771484375,458.2132873535156,2.494969367980957,666.1672973632812,399.6031799316406,880.9258422851562,535.0582885742188,1076.2850341796875,631.5637817382812,753.6077270507812,945.849609375,536.6121826171875,1070.4849853515625,557.6006469726562,677.151611328125,1017.4658203125,908.6914672851562,525.8162841796875,253.70193481445312,552.9007568359375,570.189453125,39.5318489074707,48.66911315917969,35.722068786621094,65.28654479980469,34.85792541503906,34.69001007080078,43.85829544067383,40.284934997558594,39.39654541015625,45.83846664428711,44.5023193359375,111.28556823730469,46.6966438293457,0.0
2022-09-01 09:37:00,2-6,44.1979866027832,48.7801513671875,40.73710632324219,637.3383178710938,86.64546203613281,14.135021209716797,16.09186363220215,15.82092571258545,15.238801956176758,44.824493408203125,45.345420837402344,30.91362953186035,6.015583038330078,415.772705078125,460.05401611328125,459.3194580078125,2.489509105682373,668.4758911132812,400.10321044921875,882.1213989257812,536.0189819335938,1074.4766845703125,633.1322631835938,748.7119140625,940.235107421875,514.2233276367188,1066.8720703125,567.5159912109375,703.869140625,1019.9799194335938,1005.166015625,524.4312133789062,259.6683654785156,562.8914794921875,581.63818359375,35.51295471191406,48.62220764160156,35.938079833984375,68.90509796142578,35.08018493652344,34.568992614746094,43.77541732788086,39.665523529052734,39.90180206298828,49.969459533691406,43.45894241333008,117.39140319824219,47.237693786621094,0.0
2022-09-01 09:38:00,2-6,44.00202941894531,48.0614013671875,40.81583023071289,634.9503784179688,85.2353515625,14.365222930908203,16.04147720336914,15.723395347595215,15.231236457824707,48.0496826171875,42.440155029296875,32.85330581665039,5.945499420166016,421.29852294921875,460.3353576660156,466.13214111328125,2.5584287643432617,664.9916381835938,399.73114013671875,882.82373046875,535.7855224609375,1079.432373046875,627.8271484375,749.3230590820312,943.7920532226562,500.22894287109375,1037.674560546875,573.607177734375,677.5877075195312,1016.6233520507812,944.757080078125,522.380859375,263.1382141113281,546.7069091796875,559.0617065429688,34.04212951660156,48.2559814453125,36.09069061279297,72.59139251708984,34.81077194213867,34.05722427368164,42.41310119628906,41.073482513427734,39.58701705932617,46.309959411621094,44.702877044677734,118.01060485839844,48.22295379638672,0.0
2022-09-01 09:39:00,2-6,43.983699798583984,49.266963958740234,40.592124938964844,630.192138671875,82.95361328125,14.26347827911377,16.035049438476562,15.781649589538574,15.026978492736816,47.965450286865234,45.347686767578125,33.71165466308594,6.997663497924805,421.38458251953125,459.4607849121094,457.07666015625,2.533722400665283,666.1246337890625,400.89093017578125,878.1533203125,536.8139038085938,1077.7708740234375,630.8768310546875,755.5983276367188,941.50537109375,507.8282470703125,1065.671875,588.7305908203125,681.6571044921875,1009.8220825195312,872.4264526367188,523.83154296875,252.50437927246094,539.154296875,550.19091796875,39.14704132080078,50.43836212158203,37.742515563964844,68.28255462646484,34.29042053222656,34.12120056152344,44.16874694824219,40.013919830322266,39.441505432128906,47.14006042480469,43.527618408203125,108.0880355834961,45.91255187988281,0.0
2022-09-01 09:40:00,2-6,44.517723083496094,49.200225830078125,41.50201416015625,631.234375,82.93141174316406,14.280128479003906,16.055679321289062,15.715361595153809,15.060449600219727,49.114898681640625,45.76333999633789,31.009803771972656,5.457801818847656,418.2897033691406,471.45831298828125,462.11956787109375,2.4743151664733887,666.3380126953125,399.1503601074219,881.3901977539062,537.2904663085938,1075.3487548828125,627.192138671875,752.93505859375,933.951904296875,512.0272216796875,1058.1866455078125,580.73046875,650.7389526367188,989.9810791015625,930.3533935546875,513.3043212890625,267.1236572265625,560.373046875,551.0145263671875,32.31061935424805,50.564414978027344,38.48371505737305,67.52893829345703,35.231746673583984,35.3895263671875,43.68928527832031,41.57926940917969,40.344032287597656,49.66265106201172,43.915061950683594,116.23748779296875,48.267982482910156,0.0
2022-09-01 09:41:00,2-6,44.13236618041992,49.629188537597656,41.56804275512695,628.7418823242188,81.68716430664062,14.388694763183594,16.014753341674805,15.862523078918457,15.226346969604492,47.527679443359375,46.59615707397461,32.03335952758789,6.719846725463867,415.5072021484375,468.8681640625,456.502197265625,2.464728355407715,666.4320068359375,398.6534118652344,883.7389526367188,536.9221801757812,1070.62158203125,631.0518798828125,756.678466796875,938.203369140625,515.463134765625,1090.34619140625,595.073486328125,684.163330078125,1003.867919921875,959.0455932617188,516.8513793945312,260.2801818847656,542.8948974609375,506.45361328125,43.960079193115234,52.14415740966797,37.408878326416016,71.37303924560547,35.5159912109375,34.61515808105469,46.246097564697266,41.95262908935547,41.283695220947266,48.658695220947266,44.82280349731445,116.51231384277344,47.76301956176758,0.0
2022-09-01 09:42:00,2-6,44.27077865600586,49.75077819824219,41.005985260009766,633.0714721679688,81.75132751464844,14.158799171447754,15.98115348815918,15.688762664794922,15.164656639099121,46.990081787109375,45.5782356262207,31.713417053222656,4.987823486328125,419.64129638671875,463.910400390625,458.06219482421875,2.5202698707580566,668.5070190429688,399.5875244140625,880.9743041992188,537.2697143554688,1081.3023681640625,630.0445556640625,751.720703125,934.4730834960938,518.2080688476562,1067.294921875,602.35595703125,681.3214721679688,1020.7907104492188,935.4971923828125,523.0665283203125,252.77598571777344,552.9376831054688,531.0044555664062,33.026100158691406,48.6756591796875,38.67920684814453,77.80218505859375,35.21804428100586,34.85564041137695,42.74643325805664,38.844703674316406,39.37051773071289,51.9794921875,45.142879486083984,122.37632751464844,48.25511169433594,0.0
2022-09-01 09:43:00,2-6,44.11676788330078,49.207889556884766,40.69806671142578,637.4278564453125,82.20620727539062,14.276708602905273,15.911931991577148,15.845632553100586,15.041654586791992,48.39426040649414,45.79641342163086,30.746540069580078,5.5213236808776855,417.8922424316406,465.1236572265625,460.1038818359375,2.518425226211548,667.0177001953125,399.75244140625,882.267333984375,533.4887084960938,1077.6324462890625,628.462158203125,755.9302368164062,931.5784912109375,503.77459716796875,1056.2796630859375,596.107177734375,666.4395751953125,1007.7836303710938,966.3216552734375,523.7416381835938,253.86802673339844,542.4696044921875,516.5188598632812,39.055084228515625,49.56233215332031,38.909175872802734,74.52247619628906,35.35331726074219,34.87808609008789,44.36046600341797,41.3194580078125,42.047279357910156,48.0731086730957,46.039268493652344,134.33311462402344,47.335838317871094,0.0
2022-09-01 09:44:00,2-6,44.23313903808594,49.3990478515625,41.3609619140625,631.8134765625,82.652099609375,13.94522476196289,15.83509635925293,15.798006057739258,15.234739303588867,48.505218505859375,43.885982513427734,32.62588882446289,6.091777801513672,418.160888671875,468.7584228515625,463.14410400390625,2.5081911087036133,667.157470703125,400.72174072265625,880.8065795898438,536.928955078125,1079.5535888671875,627.1621704101562,754.74853515625,945.4078369140625,531.8214721679688,1033.241943359375,573.4322509765625,656.1124267578125,1037.376953125,947.372314453125,516.512451171875,255.0538787841797,547.27978515625,507.5958251953125,31.396242141723633,54.26026153564453,38.04331588745117,75.43080139160156,35.708961486816406,36.29414367675781,43.6413459777832,40.57599639892578,40.73761749267578,47.672122955322266,46.280784606933594,120.20314025878906,46.85613250732422,0.0
2022-09-01 09:45:00,2-6,44.18533706665039,49.78055191040039,39.85112762451172,632.0357055664062,83.62739562988281,14.075408935546875,16.228769302368164,15.43506908416748,15.034627914428711,46.599178314208984,45.2760124206543,32.13932418823242,6.1568121910095215,417.58349609375,464.84210205078125,460.912841796875,2.4746549129486084,669.478759765625,399.3598937988281,882.4952392578125,532.9996948242188,1080.4090576171875,630.0315551757812,756.125,933.1787109375,507.9132080078125,1061.6441650390625,573.134765625,654.1047973632812,969.734375,978.58154296875,515.5115966796875,253.1746368408203,542.2676391601562,553.0484619140625,35.0829963684082,49.70029067993164,37.79423522949219,70.63861846923828,35.65129470825195,35.77946853637695,45.56731414794922,40.42706298828125,39.315345764160156,48.19873809814453,46.2661247253418,129.82827758789062,48.77816390991211,0.0
2022-09-01 09:46:00,2-6,44.045379638671875,49.25885009765625,41.04800033569336,629.5330200195312,82.2843017578125,14.230291366577148,15.73515796661377,15.384198188781738,14.997352600097656,47.69123840332031,45.628761291503906,30.510391235351562,6.103353977203369,419.18194580078125,467.6921081542969,450.13800048828125,2.440139055252075,666.2249755859375,400.92138671875,879.1541137695312,533.7921752929688,1078.9296875,627.505859375,754.5357666015625,941.1060791015625,503.3542785644531,1067.9564208984375,569.1551513671875,716.9509887695312,1014.4214477539062,931.5015258789062,519.0851440429688,256.8459167480469,558.3490600585938,529.2561645507812,36.75845718383789,50.55560302734375,36.85243606567383,73.35932922363281,35.005950927734375,34.90779495239258,44.01808547973633,42.1072998046875,40.32381057739258,49.14881896972656,45.75241470336914,129.14495849609375,48.80674362182617,0.0
2022-09-01 09:47:00,2-6,43.99501037597656,49.7303581237793,41.31248474121094,630.4646606445312,84.05989074707031,14.188899993896484,15.858508110046387,15.444921493530273,15.01668930053711,47.540462493896484,43.92966842651367,31.36254119873047,5.4379963874816895,419.67486572265625,465.89459228515625,460.92486572265625,2.548485279083252,666.956298828125,399.2215270996094,881.7213745117188,535.0360107421875,1081.6956787109375,627.1782836914062,755.657470703125,945.796630859375,512.5733642578125,1062.7984619140625,597.780517578125,676.5034790039062,1009.8016357421875,917.0114135742188,516.5921630859375,243.10568237304688,546.2996826171875,538.9581298828125,38.573307037353516,50.587276458740234,35.87810134887695,75.92440795898438,35.32154083251953,35.679893493652344,44.005393981933594,39.06394577026367,40.64751434326172,49.79546356201172,46.07915496826172,125.15959167480469,48.92576599121094,0.0
2022-09-01 09:48:00,2-6,44.39459991455078,49.550907135009766,41.366004943847656,634.9878540039062,85.01405334472656,14.31324577331543,16.04207420349121,15.356856346130371,15.13001537322998,47.82683563232422,47.8513298034668,32.16279602050781,5.97173547744751,420.7605895996094,467.8734436035156,463.0342102050781,2.5476462841033936,662.7811889648438,399.909423828125,884.0042114257812,536.6939086914062,1079.739013671875,628.5018310546875,753.6763916015625,943.3953857421875,502.92578125,1070.12109375,573.3678588867188,666.5296020507812,992.1491088867188,923.8291625976562,512.3220825195312,252.1133270263672,549.0137939453125,491.62506103515625,34.00075912475586,48.753509521484375,37.91687774658203,69.86260223388672,35.688743591308594,35.6290397644043,44.826072692871094,40.89872360229492,40.06855773925781,49.43999481201172,46.13987350463867,120.00283813476562,46.515045166015625,0.0
2022-09-01 09:49:00,2-6,44.142425537109375,49.57167053222656,41.26354217529297,624.8873291015625,84.0135498046875,14.15574836730957,15.894511222839355,15.61294937133789,15.065027236938477,46.10678482055664,45.62460708618164,31.449281692504883,6.254203796386719,419.627685546875,465.6913757324219,459.1385192871094,2.527078151702881,665.5186157226562,400.31402587890625,882.1447143554688,536.3118286132812,1080.4501953125,627.8170166015625,754.0255737304688,937.87451171875,524.7666625976562,1079.8912353515625,562.1347045898438,679.352783203125,1025.769775390625,967.9803466796875,522.145263671875,251.97572326660156,537.6824340820312,534.8027954101562,36.26938247680664,48.07685852050781,38.504478454589844,73.5768814086914,35.82433319091797,34.96712112426758,44.74031448364258,39.624202728271484,40.64872360229492,49.87248229980469,48.00265121459961,133.22238159179688,46.89765930175781,0.0
2022-09-01 09:50:00,2-6,43.966827392578125,49.957481384277344,40.33845520019531,626.49072265625,80.40950012207031,14.27613639831543,16.057226181030273,15.674005508422852,14.847691535949707,46.66012954711914,45.235599517822266,32.043277740478516,5.490076065063477,420.5451965332031,468.4744567871094,456.8887939453125,2.57570743560791,665.9876098632812,398.6029052734375,882.6058959960938,536.303466796875,1078.6593017578125,624.022705078125,756.1469116210938,939.5463256835938,490.9185485839844,1078.7861328125,593.84814453125,692.3594360351562,1061.027587890625,957.0123291015625,516.3074340820312,244.74781799316406,550.5011596679688,512.6974487304688,30.609119415283203,52.12015151977539,39.544219970703125,70.390625,34.4100456237793,35.927345275878906,43.77369689941406,41.13975143432617,39.7242317199707,48.0016975402832,44.50121307373047,114.8480224609375,46.87969207763672,0.0
2022-09-01 09:51:00,2-6,44.111759185791016,49.71907424926758,40.633182525634766,632.7965087890625,84.56686401367188,14.200100898742676,16.061044692993164,15.46937370300293,15.256421089172363,46.140907287597656,44.99788284301758,32.864601135253906,5.785846710205078,417.91265869140625,467.08905029296875,453.8910217285156,2.4900383949279785,667.0355224609375,400.5972595214844,882.088623046875,534.7697143554688,1079.369873046875,631.5577392578125,754.2091064453125,948.0115966796875,502.9994201660156,1068.2977294921875,578.38134765625,692.1817626953125,1023.3908081054688,957.5391845703125,521.480224609375,248.16595458984375,552.518798828125,519.5809936523438,33.176597595214844,49.369117736816406,36.502685546875,71.69629669189453,35.40681838989258,35.13287353515625,43.58359146118164,41.59608459472656,40.24919128417969,49.08924865722656,47.04819869995117,118.76353454589844,47.00779724121094,0.0
2022-09-01 09:52:00,2-6,44.102684020996094,49.535884857177734,41.696414947509766,618.8165893554688,83.69290161132812,14.293558120727539,15.96388053894043,15.815800666809082,15.003265380859375,47.89594650268555,42.91817092895508,33.61819076538086,5.141730308532715,420.7254638671875,467.55853271484375,457.29345703125,2.517118453979492,668.4058227539062,399.4637145996094,878.954833984375,536.1236572265625,1080.915771484375,623.5153198242188,752.3924560546875,944.3912353515625,509.16351318359375,1077.9609375,583.241455078125,678.7036743164062,1031.3179931640625,952.5239868164062,510.382080078125,258.01318359375,543.7890625,525.5634765625,32.6011962890625,51.13322448730469,37.76791000366211,75.7435302734375,37.09817123413086,36.49713134765625,44.831298828125,39.75343704223633,40.78197479248047,49.86641311645508,46.214385986328125,133.2435302734375,48.260948181152344,0.0
2022-09-01 09:53:00,2-6,44.0067253112793,49.282318115234375,41.2728271484375,629.9532470703125,83.206787109375,14.287480354309082,16.027652740478516,15.687353134155273,15.033560752868652,46.33488082885742,46.519981384277344,32.030967712402344,5.998868465423584,421.13421630859375,465.1587829589844,458.7414245605469,2.5525522232055664,664.8923950195312,400.9656982421875,882.597412109375,536.2191772460938,1077.31005859375,627.8837890625,753.3446044921875,948.6817626953125,507.6423034667969,1038.051025390625,589.1581420898438,643.3844604492188,989.3721923828125,953.941162109375,517.8717041015625,263.10479736328125,546.424560546875,531.4581298828125,41.8690299987793,52.49980926513672,35.35496139526367,66.38155364990234,35.01464080810547,34.4511604309082,45.52568817138672,42.229698181152344,42.587974548339844,49.52869415283203,46.229209899902344,119.07109069824219,48.168209075927734,0.0
2022-09-01 09:54:00,2-6,44.06942367553711,48.92280197143555,41.67465591430664,635.19482421875,82.55288696289062,14.293354034423828,15.927436828613281,15.8131103515625,14.93789291381836,47.15188980102539,43.77001190185547,32.154335021972656,5.589688301086426,417.628173828125,465.97247314453125,459.1947021484375,2.522418975830078,664.9572143554688,400.5011291503906,882.151123046875,536.3572998046875,1078.326171875,628.331298828125,753.001953125,940.8994140625,502.0662841796875,1050.6676025390625,607.3495483398438,695.6296997070312,1017.507080078125,902.4708251953125,521.2299194335938,246.8004150390625,531.6927490234375,531.3611450195312,32.25192642211914,48.97626495361328,36.06060791015625,77.86476135253906,35.377105712890625,35.04890060424805,43.45790481567383,39.105220794677734,40.14433288574219,50.222755432128906,45.156028747558594,129.46490478515625,48.096168518066406,0.0
2022-09-01 09:55:00,2-6,44.29811096191406,49.524391174316406,41.47431945800781,629.5867309570312,81.58506774902344,14.223275184631348,16.025381088256836,15.66484546661377,15.085389137268066,47.36447525024414,46.22816848754883,30.25031852722168,5.405674457550049,415.2573547363281,467.2678527832031,457.81414794921875,2.507131576538086,667.1026000976562,400.52783203125,880.2608642578125,536.0370483398438,1078.1890869140625,628.5993041992188,755.275390625,944.0834350585938,523.6788330078125,1086.6953125,587.8587646484375,662.4443359375,979.0974731445312,989.990478515625,526.510986328125,256.45703125,548.8604736328125,540.4410400390625,34.11991500854492,51.151065826416016,38.39604949951172,71.53102111816406,36.11666488647461,34.7922477722168,45.054786682128906,41.020843505859375,41.692752838134766,51.96147918701172,48.275108337402344,126.29241943359375,47.41610336303711,0.0
2022-09-01 09:56:00,2-6,43.95382308959961,49.31895446777344,41.28355407714844,629.8759765625,85.8408203125,14.171235084533691,16.14390754699707,15.557036399841309,14.947158813476562,47.431861877441406,44.85980987548828,31.466604232788086,5.566616058349609,417.6519775390625,465.1907958984375,456.68505859375,2.5161545276641846,667.4569091796875,399.6532287597656,882.988525390625,534.720947265625,1076.16015625,629.6553955078125,754.767333984375,955.283935546875,536.99072265625,1072.302001953125,548.7643432617188,678.4893188476562,1006.4837646484375,885.6654663085938,519.4629516601562,248.2700653076172,553.0081176757812,546.8134155273438,39.94879913330078,49.36471939086914,36.53926467895508,68.09374237060547,35.286014556884766,35.210994720458984,44.81463623046875,39.76708984375,39.85055160522461,48.24163055419922,46.59675598144531,119.25852966308594,47.55216598510742,0.0
2022-09-01 09:57:00,2-6,44.406410217285156,49.176334381103516,41.070716857910156,631.96875,85.40782165527344,14.090530395507812,16.00640296936035,15.862505912780762,15.120157241821289,45.44504928588867,44.774078369140625,30.986087799072266,5.316542625427246,417.8013610839844,462.169921875,457.91558837890625,2.484112501144409,666.1494140625,400.1988525390625,882.3778686523438,536.1807861328125,1075.3858642578125,630.4205932617188,751.3399658203125,943.8580322265625,500.153564453125,1056.1861572265625,570.9339599609375,681.2835083007812,996.8458862304688,989.0847778320312,516.2468872070312,251.6322021484375,552.1467895507812,559.1582641601562,35.773860931396484,49.557796478271484,36.73786926269531,73.74932861328125,36.323280334472656,35.368629455566406,44.20762252807617,40.716270446777344,40.271602630615234,50.09269332885742,45.56378173828125,121.16949462890625,48.00056838989258,0.0
2022-09-01 09:58:00,2-6,44.21910858154297,48.29305648803711,41.02919387817383,631.2777099609375,85.79289245605469,14.345819473266602,15.947854042053223,15.323583602905273,15.225011825561523,47.45390701293945,43.13283920288086,31.97142219543457,5.656840801239014,419.8885803222656,467.2844543457031,464.88714599609375,2.5299344062805176,666.0667724609375,400.1527404785156,882.4652709960938,536.4876098632812,1080.853271484375,625.9969482421875,751.4906005859375,947.9383544921875,493.6364440917969,1034.505859375,572.815673828125,677.765869140625,1005.4284057617188,912.376708984375,521.1527709960938,258.95648193359375,549.117919921875,501.28082275390625,35.81174850463867,48.676513671875,36.93556213378906,75.3770751953125,35.86185073852539,34.67613220214844,42.782371520996094,41.64313888549805,40.8651123046875,47.49175262451172,44.70079040527344,129.57550048828125,47.81700134277344,0.0
2022-09-01 09:59:00,2-6,44.28486251831055,49.62173080444336,40.58443832397461,622.5990600585938,84.21401977539062,14.21679973602295,15.974425315856934,15.5628080368042,15.115124702453613,47.658565521240234,44.86405944824219,32.54237365722656,6.321404457092285,418.60150146484375,464.422607421875,460.29461669921875,2.542966842651367,665.8125,399.8625183105469,878.010498046875,536.6288452148438,1077.9232177734375,627.0182495117188,758.4408569335938,946.3916625976562,511.1260070800781,1046.862060546875,582.5709838867188,682.6480102539062,1001.7675170898438,876.3702392578125,520.0072631835938,247.12164306640625,534.9824829101562,487.16314697265625,39.14503479003906,50.99142837524414,38.2469596862793,69.90727233886719,34.029869079589844,35.089569091796875,44.80848693847656,40.360992431640625,40.450016021728516,48.83297348022461,44.21770477294922,113.30671691894531,46.28907775878906,0.0
2022-09-01 10:00:00,2-6,44.441280364990234,48.73792266845703,41.1755485534668,642.04150390625,84.67755126953125,14.384659767150879,16.297555923461914,16.02642822265625,15.2725191116333,49.831172943115234,45.405941009521484,31.64936637878418,5.421635627746582,420.25030517578125,467.823974609375,460.1680908203125,2.466785430908203,668.6881103515625,400.1795349121094,883.5657348632812,536.4244384765625,1079.4376220703125,627.9557495117188,754.1041870117188,937.070068359375,523.5485229492188,1074.4132080078125,562.871826171875,671.066650390625,997.2217407226562,924.89501953125,516.3145141601562,265.11444091796875,580.609619140625,545.9724731445312,38.27321243286133,47.76054000854492,36.30335235595703,61.19224548339844,33.93500518798828,34.00265121459961,42.184410095214844,41.076942443847656,38.95631408691406,47.296363830566406,41.877952575683594,119.47079467773438,46.94352722167969,0.0
2022-09-01 10:01:00,2-6,44.093074798583984,49.508033752441406,40.859214782714844,635.7919311523438,80.77348327636719,14.453829765319824,16.1633358001709,15.956889152526855,15.272968292236328,46.81740188598633,48.079586029052734,33.2385139465332,6.202780246734619,416.244140625,465.8695983886719,453.9394836425781,2.5240848064422607,667.7861938476562,400.4080810546875,885.0486450195312,536.87451171875,1071.62451171875,629.6659545898438,756.147705078125,933.721923828125,519.044189453125,1103.9840087890625,584.267578125,695.531494140625,1010.5792236328125,931.2998657226562,521.2114868164062,275.1919860839844,556.9295043945312,535.1408081054688,40.76576232910156,47.7288932800293,35.33064270019531,65.27057647705078,34.04534912109375,33.48246765136719,41.55730438232422,41.15739822387695,39.673851013183594,45.40411376953125,41.704345703125,123.59410095214844,46.259063720703125,0.0
2022-09-01 10:02:00,2-6,44.23543930053711,49.27192687988281,41.36479568481445,633.6668701171875,84.47526550292969,14.31908893585205,16.22300910949707,15.995270729064941,15.383096694946289,47.65316390991211,46.2103271484375,31.749168395996094,5.00885534286499,419.8700256347656,463.32122802734375,462.9834899902344,2.5396628379821777,670.1941528320312,400.5849609375,884.76025390625,536.8477783203125,1080.955078125,634.478759765625,750.8548583984375,936.0112915039062,519.5657348632812,1081.85302734375,606.0572509765625,682.1351928710938,1032.9241943359375,944.7928466796875,521.5364379882812,264.6430969238281,571.956787109375,521.1031494140625,31.90057945251465,46.50140380859375,36.147483825683594,69.57606506347656,33.399784088134766,33.78742599487305,41.0894660949707,38.70640563964844,38.29228591918945,47.39075469970703,44.05875015258789,129.3127899169922,46.754119873046875,0.0
2022-09-01 10:03:00,2-6,43.84702682495117,49.232845306396484,40.648834228515625,642.8102416992188,85.67115783691406,14.349679946899414,16.176647186279297,16.106731414794922,15.316731452941895,48.458900451660156,47.12246322631836,30.903898239135742,5.422156810760498,420.07061767578125,461.5304260253906,461.650634765625,2.4956140518188477,668.97265625,400.8702697753906,883.4678955078125,532.7222290039062,1078.0167236328125,632.5682373046875,753.43115234375,930.4185791015625,519.7548828125,1086.552734375,580.130615234375,684.1404418945312,1018.7529907226562,977.541015625,525.7362060546875,266.32855224609375,563.2030029296875,520.6513061523438,39.26663589477539,46.46647262573242,35.38026809692383,68.07296752929688,34.12085723876953,34.18073654174805,42.01859664916992,40.50590133666992,39.890987396240234,44.21666717529297,44.88429260253906,129.76402282714844,47.40654754638672,0.0
2022-09-01 10:04:00,2-6,44.01860809326172,49.09053039550781,40.97352981567383,636.846435546875,85.416015625,14.2289400100708,16.12472152709961,16.019664764404297,15.414030075073242,49.22520446777344,45.749454498291016,34.135128021240234,6.23275899887085,418.20733642578125,462.64886474609375,463.8642578125,2.5367913246154785,668.239501953125,401.51849365234375,881.99658203125,535.7116088867188,1081.1527099609375,630.26708984375,752.7937622070312,941.725341796875,518.195556640625,1066.195068359375,573.090576171875,667.7870483398438,1014.2457275390625,896.7561645507812,523.0853271484375,259.83135986328125,555.112548828125,519.545166015625,33.068275451660156,48.560028076171875,36.13292694091797,68.98941040039062,34.07253646850586,34.93104934692383,41.4769401550293,39.949623107910156,39.94230651855469,45.980323791503906,42.18041229248047,116.54718017578125,47.01594161987305,0.0
2022-09-01 10:05:00,2-6,44.06929016113281,49.45465087890625,40.14925765991211,642.225830078125,86.76229858398438,14.252138137817383,16.385122299194336,15.621820449829102,15.192835807800293,48.096580505371094,44.91633605957031,32.65725326538086,5.621117115020752,417.74957275390625,460.1000671386719,460.6802673339844,2.4933767318725586,668.8017578125,399.2286376953125,886.3067626953125,532.70849609375,1081.1014404296875,631.5545654296875,754.5779418945312,930.3876953125,514.171630859375,1080.339111328125,577.4310302734375,667.8445434570312,990.9985961914062,932.8090209960938,518.160400390625,263.7623596191406,557.5213623046875,556.3753662109375,35.122398376464844,47.69731903076172,35.83756637573242,66.45189666748047,33.945377349853516,34.37199783325195,42.0589599609375,39.22809600830078,39.10404586791992,45.289371490478516,42.6550407409668,125.63572692871094,47.693565368652344,0.0
2022-09-01 10:06:00,2-6,44.021488189697266,49.531272888183594,41.1251106262207,634.7879638671875,85.44400024414062,14.366357803344727,16.252397537231445,15.785279273986816,15.27878475189209,47.76278305053711,46.35239791870117,30.69367027282715,5.885103702545166,420.7572021484375,465.2008361816406,453.2504577636719,2.4559717178344727,668.7872924804688,401.1790771484375,883.5872802734375,533.9102172851562,1078.1387939453125,631.5748901367188,754.4066772460938,941.1332397460938,518.1551513671875,1086.68310546875,571.4046630859375,713.0843505859375,1014.3615112304688,977.0319213867188,521.7267456054688,252.85882568359375,564.9943237304688,546.9287719726562,39.34438705444336,47.77607345581055,35.9578857421875,60.72357940673828,33.688175201416016,33.43155288696289,41.00601577758789,40.30060577392578,39.3453483581543,46.287513732910156,43.635257720947266,133.12417602539062,47.683101654052734,0.0
2022-09-01 10:07:00,2-6,43.935638427734375,49.67836380004883,40.87631607055664,637.5843505859375,85.1954345703125,14.343682289123535,16.1555233001709,15.673935890197754,15.333954811096191,49.30955505371094,45.468467712402344,31.504878997802734,5.662395000457764,418.6513977050781,460.20556640625,459.3480224609375,2.492917060852051,669.900634765625,400.8197326660156,883.24658203125,534.7788696289062,1082.4140625,630.3834228515625,753.7015380859375,936.5336303710938,521.7037353515625,1081.919189453125,587.0287475585938,699.6726684570312,1007.0615844726562,942.4402465820312,520.0661010742188,249.92422485351562,558.1929931640625,545.207763671875,36.88245391845703,47.21186447143555,34.8223991394043,66.4642562866211,33.51835250854492,33.87753677368164,40.47988510131836,38.80837631225586,39.25835037231445,47.5450553894043,42.638755798339844,124.50617980957031,47.8286247253418,0.0
2022-09-01 10:08:00,2-6,44.14639663696289,48.90431594848633,41.1707878112793,641.9666137695312,86.91633605957031,14.4119234085083,16.254032135009766,15.52925968170166,15.275903701782227,47.34345245361328,47.31735610961914,32.63719177246094,5.948654651641846,419.3954162597656,461.62139892578125,463.31005859375,2.535019874572754,665.9551391601562,401.4405822753906,885.9474487304688,535.794921875,1078.257080078125,630.2160034179688,754.7695922851562,939.7393798828125,518.1361694335938,1088.60888671875,578.3977661132812,684.8301391601562,1024.068603515625,883.5440673828125,514.4662475585938,264.4820556640625,566.1180419921875,495.01312255859375,36.12696838378906,46.88113021850586,36.2346305847168,65.69110870361328,34.22392654418945,34.48529815673828,42.27765655517578,40.698883056640625,38.179622650146484,45.83665466308594,44.7584342956543,123.98562622070312,46.286163330078125,0.0
2022-09-01 10:09:00,2-6,44.053558349609375,49.53986740112305,41.070003509521484,635.5445556640625,85.97651672363281,14.34335994720459,16.11758041381836,15.658011436462402,15.309270858764648,46.24345016479492,46.6268310546875,31.53647232055664,5.925979137420654,420.9128112792969,462.51904296875,459.1102294921875,2.529226064682007,665.4639282226562,400.3397216796875,886.7149047851562,535.8887329101562,1079.7364501953125,631.3726806640625,754.4315185546875,931.45263671875,528.845947265625,1091.746337890625,563.2537841796875,693.7711791992188,1013.62060546875,964.7732543945312,523.8643798828125,262.5245361328125,563.1583251953125,543.5769653320312,36.74681854248047,46.19597244262695,36.63076400756836,61.152137756347656,34.7119255065918,34.10730743408203,41.25892639160156,38.7529182434082,39.13715744018555,47.770668029785156,44.19386291503906,125.96080017089844,46.87005615234375,0.0
2022-09-01 10:10:00,2-6,43.92026138305664,49.76062774658203,40.18357467651367,636.4329833984375,84.00277709960938,14.343727111816406,16.21019172668457,15.906964302062988,15.247719764709473,46.93219757080078,45.83351135253906,32.866397857666016,5.695454120635986,420.4609680175781,458.8929138183594,456.23248291015625,2.5939276218414307,665.3643188476562,400.2456970214844,886.5078735351562,534.8427124023438,1078.9134521484375,628.3447265625,754.2421875,941.7457275390625,492.5403747558594,1098.203125,574.55615234375,698.37841796875,1054.8553466796875,907.4425659179688,514.4539794921875,243.74044799804688,571.541259765625,503.56597900390625,31.965192794799805,47.84808349609375,37.31825256347656,61.004669189453125,33.37308883666992,34.564273834228516,40.993186950683594,39.942752838134766,39.047080993652344,45.31669998168945,42.54437255859375,117.87528991699219,47.05337905883789,0.0
2022-09-01 10:11:00,2-6,44.001407623291016,49.69709396362305,40.7181282043457,634.9893188476562,87.44503784179688,14.297881126403809,16.268291473388672,15.63085651397705,15.490252494812012,47.869205474853516,45.26385498046875,33.53642272949219,5.86818265914917,418.1657409667969,461.85009765625,454.6857604980469,2.461617946624756,667.3777465820312,401.445556640625,885.4133911132812,534.71533203125,1080.1214599609375,632.83935546875,754.4718017578125,947.1375732421875,510.48992919921875,1102.528564453125,576.9412841796875,703.5447387695312,1003.1025390625,946.6090698242188,525.561279296875,254.712646484375,566.2227783203125,546.1553955078125,33.785892486572266,47.53496170043945,36.10047149658203,62.89469909667969,33.54041290283203,33.791748046875,41.60282516479492,40.532894134521484,39.28624725341797,45.934600830078125,44.632774353027344,116.08561706542969,46.5518798828125,0.0
